{"cameraMode":{"drawMode":0,"name":"Shaded","section":"Shading Mode"},"sceneLighting":true,"audioPlay":false,"sceneViewState":{"showFog":false,"showMaterialUpdate":false,"showSkybox":false,"showFlares":false,"showImageEffects":false,"showParticleSystems":false},"in2DMode":false,"pivot":{"x":6.822261810302734,"y":-6.35939884185791,"z":-3.5272769927978517},"rotation":{"x":0.31153908371925356,"y":-0.4902687072753906,"z":0.19315798580646516,"w":0.7907400727272034},"size":27.829622268676759,"orthographic":false}